{"cameraMode":{"drawMode":0,"name":"Shaded","section":"Shading Mode"},"sceneLighting":true,"audioPlay":false,"sceneViewState":{"showFog":true,"showMaterialUpdate":false,"showSkybox":true,"showFlares":true,"showImageEffects":true,"showParticleSystems":true},"in2DMode":false,"pivot":{"x":-26.028305053710939,"y":-105.2939224243164,"z":-141.55203247070313},"rotation":{"x":-0.08364004641771317,"y":0.9148541688919067,"z":-0.2505455017089844,"w":-0.30540740489959719},"size":349.87908935546877,"orthographic":false}