{"cameraMode":{"drawMode":0,"name":"Shaded","section":"Shading Mode"},"sceneLighting":true,"audioPlay":false,"sceneViewState":{"showFog":true,"showMaterialUpdate":false,"showSkybox":true,"showFlares":true,"showImageEffects":true,"showParticleSystems":true},"in2DMode":false,"pivot":{"x":4.0162787437438969,"y":-1.174206256866455,"z":-2.561251163482666},"rotation":{"x":-0.1281326562166214,"y":0.8618574142456055,"z":-0.4102923274040222,"w":-0.2691548466682434},"size":22.786436080932618,"orthographic":false}