{"cameraMode":{"drawMode":0,"name":"Shaded","section":"Shading Mode"},"sceneLighting":false,"audioPlay":false,"sceneViewState":{"showFog":true,"showMaterialUpdate":false,"showSkybox":false,"showFlares":true,"showImageEffects":true,"showParticleSystems":true},"in2DMode":false,"pivot":{"x":3.9063005447387697,"y":2.619999885559082,"z":18.670000076293947},"rotation":{"x":0.068663589656353,"y":0.9182430505752564,"z":-0.3443814516067505,"w":0.1830804944038391},"size":2.857893943786621,"orthographic":false}