{"cameraMode":{"drawMode":0,"name":"Shaded","section":"Shading Mode"},"sceneLighting":true,"audioPlay":false,"sceneViewState":{"showFog":true,"showMaterialUpdate":false,"showSkybox":true,"showFlares":true,"showImageEffects":true,"showParticleSystems":true},"in2DMode":false,"pivot":{"x":31.605831146240236,"y":361.470458984375,"z":6.762044906616211},"rotation":{"x":0.0026159994304180147,"y":0.9965682029724121,"z":-0.07519283145666123,"w":0.03469529747962952},"size":429.50653076171877,"orthographic":false}